"Артикул";"Название";"Код категории";"Категория";"Купаж, руб";"Упаковка, руб";"Итого себестоимость, руб";"Цена +40%, руб"
"2101-ПА500";"Божественный, 500 гр";"1.1.3";"Черный чай с ароматами";194,85;0,00;194,85;272,79
"2102-ПА500";"Венецианская ночь, 500 гр.";"1.1.2";"Черный чай с добавками";211,45;4,05;215,50;301,70
"2104-ПА500";"Ирландские сливки, 500 гр.";"1.1.3";"Черный чай с ароматами";201,29;4,05;205,34;287,47
"2105-10";"ПЭТ Масала";"1.1.2";"Черный чай с добавками";59,75;27,40;87,15;122,00
"2105-ПА500";"Масала, 500 гр";"1.1.2";"Черный чай с добавками";248,94;4,05;252,99;354,18
"2106-ПА500";"Пирог с черникой, 500 гр.";"1.1.2";"Черный чай с добавками";226,86;4,05;230,91;323,27
"2107-ПА500";"Брызги шампанского, 500 гр.";"1.1.3";"Черный чай с ароматами";194,68;4,05;198,73;278,23
"2109-ПА500";"Екатерина Великая, 500 гр.";"1.1.2";"Черный чай с добавками";214,83;4,05;218,88;306,43
"2111-ПА500";"Земляника со сливками, 500 гр.";"1.1.3";"Черный чай с ароматами";192,02;4,05;196,07;274,50
"2112-ПА500";"Мартиника, 500 гр.";"1.1.3";"Черный чай с ароматами";206,53;4,05;210,58;294,82
"2113/1-ПА500";"Апельсин в шоколаде, 500 гр.";"1.1.2";"Черный чай с добавками";235,06;4,05;239,11;334,75
"2115-ПА500";"Малиновый рай";"1.1.2";"Черный чай с добавками";220,20;0,00;220,20;308,28
"2117-ПА500";"Лесная ягода, 500 гр.";"1.1.3";"Черный чай с ароматами";273,76;4,05;277,81;388,93
"2118-ПА500";"Дикая вишня, 500 гр.";"1.1.3";"Черный чай с ароматами";229,47;4,05;233,52;326,92
"2119-ПА500";"Манго-Маракуйя, 500 гр.";"1.1.3";"Черный чай с ароматами";225,84;4,05;229,89;321,84
"2120-ПА500";"Императорский, 500 гр.";"1.1.2";"Черный чай с добавками";197,89;4,05;201,94;282,72
"2124-10";"ПЭТ ""Таёжный сбор""";"1.1.2";"Черный чай с добавками";59,46;27,06;86,52;121,13
"2124-ПА500";"Таёжный сбор, 500 гр";"1.1.2";"Черный чай с добавками";330,36;4,89;335,25;469,35
"2125-ПА500";"Душевный, 500 гр";"1.1.2";"Черный чай с добавками";154,63;0,00;154,63;216,48
"2126-ПА500";"Князь Андрей, 500 гр.";"1.1.2";"Черный чай с добавками";234,35;4,05;238,40;333,76
"2128-ПА500";"Сочный персик, 500 гр.";"1.1.3";"Черный чай с ароматами";250,06;4,05;254,11;355,76
"2130/1-10";"ПЭТ Изысканный бергамот";"1.1.3";"Черный чай с ароматами";65,44;27,86;93,30;130,61
"2130/1-ПА500";"Изысканный бергамот, 500 гр";"1.1.3";"Черный чай с ароматами";218,12;4,89;223,01;312,21
"2131-ПА500";"Княжна Ольга, 500 гр";"1.1.2";"Черный чай с добавками";227,58;0,00;227,58;318,61
"2133-ПА500";"Тоффи (Черный чай), 500 гр";"1.1.3";"Черный чай с ароматами";209,12;0,00;209,12;292,77
"2139-ПА500";"Королевский десерт, 500 гр.";"1.1.3";"Черный чай с ароматами";270,29;4,05;274,34;384,07
"2140-ПА500";"Черный чай с мятой, 500 гр.";"1.1.2";"Черный чай с добавками";182,86;4,05;186,91;261,68
"2141-ПА500";"Крем-карамель, 500 гр.";"1.1.3";"Черный чай с ароматами";263,33;4,05;267,38;374,34
"2143-ПА500";"Мишки Гамми, 500 гр.";"1.1.2";"Черный чай с добавками";232,50;4,05;236,55;331,17
"2144-ПА500";"Дыня со сливками, 500 гр.";"1.1.3";"Черный чай с ароматами";183,27;4,05;187,32;262,24
"2145-ПА500";"Черный чай с саусепом, 500 гр.";"1.1.3";"Черный чай с ароматами";194,45;4,05;198,50;277,90
"2148-ПА500";"Сладкий цитрус, 500 гр";"1.1.3";"Черный чай с ароматами";188,71;0,00;188,71;264,20
"2151-ЗИП100";"Черный чай с чабрецом, 100 гр";"1.1.2";"Черный чай с добавками";28,94;14,00;42,94;60,11
"2151-ПА500";"Черный чай с чабрецом, 500 гр.";"1.1.2";"Черный чай с добавками";144,69;4,05;148,74;208,24
"2151/3-ПА500";"Черный чай с чабрецом высшего качества, 500 гр";"1.1.2";"Черный чай с добавками";287,63;0,00;287,63;402,68
"2152/1-ПА500";"Облепиха с имбирем, 500 гр.";"1.1.2";"Черный чай с добавками";220,87;4,05;224,92;314,89
"2153-ПА500";"Таежный (Премиум), 500 гр";"1.1.2";"Черный чай с добавками";334,22;0,00;334,22;467,90
"2156-ПА500";"Айва с персиком, 500 гр.";"1.1.2";"Черный чай с добавками";194,77;4,05;198,82;278,34
"2202-ПА500";"Сокровища Японии, 500 гр.";"1.2.3";"Зеленый чай с ароматами";236,06;4,05;240,11;336,16
"2204-10";"ПЭТ Поцелуй Гейши";"1.2.3";"Зеленый чай с ароматами";43,42;27,40;70,82;99,15
"2204-ПА500";"Поцелуй Гейши, 500 гр";"1.2.3";"Зеленый чай с ароматами";180,93;4,05;184,98;258,98
"2206-ПА500";"Грация, 500 гр";"1.2.3";"Зеленый чай с ароматами";251,63;0,00;251,63;352,29
"2207-ПА500";"Маргентау, 500 гр";"1.2.3";"Зеленый чай с ароматами";264,41;4,05;268,46;375,85
"2208-ПА500";"Эверест";"1.2.3";"Зеленый чай с ароматами";204,37;0,00;204,37;286,12
"2211-ПА500";"Барбариска, 500 гр.";"1.2.3";"Зеленый чай с ароматами";143,92;4,05;147,97;207,16
"2212-ПА500";"Карельский сбор, 500 гр.";"1.1.3";"Черный чай с ароматами";291,28;4,05;295,33;413,47
"2214-ПА500";"Египетские ночи, 500 гр.";"1.2.3";"Зеленый чай с ароматами";175,30;4,05;179,35;251,09
"2215-ПА500";"Облепиха с лимоном, 500 гр.";"1.2.3";"Зеленый чай с ароматами";228,99;4,05;233,04;326,26
"2216-ПА500";"1001 ночь, 500 гр.";"1.1.3";"Черный чай с ароматами";260,78;4,05;264,83;370,76
"2217-ПА500";"Мечта Падишаха, 500 гр.";"1.2.3";"Зеленый чай с ароматами";176,69;4,05;180,74;253,04
"2219-ПА500";"Махито, 500 гр.";"1.2.3";"Зеленый чай с ароматами";233,82;4,05;237,87;333,02
"2221-ПА500";"Татарский, 500 гр";"1.1.2";"Черный чай с добавками";203,03;0,00;203,03;284,24
"2223-10Б";"ПЭТ Облепиховый";"1.2.3";"Зеленый чай с ароматами";34,36;28,43;62,79;87,91
"2223-ПА500";"Облепиховый, 500 гр";"1.2.3";"Зеленый чай с ароматами";156,18;4,05;160,23;224,33
"2224-ПА500";"Японская вишня, 500 гр.";"1.2.3";"Зеленый чай с ароматами";213,45;4,05;217,50;304,50
"2226-ПА500";"Зеленый чай с саусепом";"1.2.3";"Зеленый чай с ароматами";175,97;0,00;175,97;246,35
"2227-ПА500";"Восточная пряность, 500 гр.";"1.2.3";"Зеленый чай с ароматами";199,89;4,05;203,94;285,52
"2230-ПА500";"Земляника со сливками Люкс";"1.2";"Зеленые чаи";134,08;0,00;134,08;187,71
"2231-ПА500";"Сила Тайги, 500 гр.";"1.2.3";"Зеленый чай с ароматами";215,92;4,89;220,81;309,14
"2236-ПА500";"Вкус жизни";"1.2.3";"Зеленый чай с ароматами";148,96;0,00;148,96;208,54
"2237-ПА500";"Японская липа, 500 гр.";"1.2.3";"Зеленый чай с ароматами";240,21;4,05;244,26;341,97
"2238-ПА500";"Источник долголетия, 500 гр";"1.1.2";"Черный чай с добавками";98,56;0,00;98,56;137,99
"2239-ПА500";"Имбирная свежесть";"1.2";"Зеленые чаи";134,47;0,00;134,47;188,25
"2241-ПА500";"Мята марокканская, 500 гр";"2.1";"Травяные моносорта";317,32;4,05;321,37;449,91
"2241-ПР250";"Мята марокканская, 250 гр";"2.1";"Травяные моносорта";158,66;0,00;158,66;222,12
"2242-ПА500";"Дыхание гор, 500 гр.";"1.2.3";"Зеленый чай с ароматами";221,47;4,05;225,52;315,73
"2243-ПА500";"Зеленый чай с бергамотом, 500 гр.";"1.2.3";"Зеленый чай с ароматами";114,71;4,05;118,76;166,26
"2244-ПА500";"Манговый фрэш, 500 гр.";"1.2.3";"Зеленый чай с ароматами";258,77;4,05;262,82;367,94
"2246-ПА500";"Зеленый с имбирем и медом, 500 гр";"1.2.3";"Зеленый чай с ароматами";255,56;0,00;255,56;357,78
"2247-ПА500";"Яблочный штрудель, 500 гр";"1.1.3";"Черный чай с ароматами";229,88;4,05;233,93;327,50
"2248-ПА500";"Чайная фантазия, 500 гр.";"1.2.3";"Зеленый чай с ароматами";237,92;4,05;241,97;338,76
"2249-ПА500";"Солнечная энергия, 500 гр";"1.1.3";"Черный чай с ароматами";276,32;4,05;280,37;392,52
"2251-ПА500";"Время чая, 500 гр";"1.1.3";"Черный чай с ароматами";266,98;4,05;271,03;379,44
"2252-ПА500";"Королева Марго, 500 гр";"1.1.3";"Черный чай с ароматами";298,95;4,05;303,00;424,20
"2257-ПА500";"Восемь сокровищ Шаолиня, 500 гр.";"1.2.3";"Зеленый чай с ароматами";298,62;4,05;302,67;423,74
"2301-10Б";"ПЭТ Малина с мятой";"2.3.2";"Фруктово-ягодные напитки с ароматами";32,59;28,43;61,02;85,43
"2301-ПА500";"Малина с мятой, 500 гр";"2.3.2";"Фруктово-ягодные напитки с ароматами";155,21;4,05;159,26;222,97
"2302-ПА500";"Спокойной ночи, 500 гр";"2.1";"Травяные моносорта";125,87;4,05;129,92;181,88
"2303/10-ПА500";"Ку Цяо (Гречишный) клубнично-малиновый, 500 гр";"2.2.2";"Травяные напитки с ароматом";194,74;4,05;198,79;278,31
"2303/12-ПА500";"Ку Цяо (Гречишный темный полированный), 500 гр";"2.1";"Травяные моносорта";134,02;4,05;138,07;193,29
"2303/2-ПА500";"Ку Цяо (Гречишный сладкий), 500 гр";"1.4";"Пуэры";134,02;4,05;138,07;193,29
"2303/5-ПА500";"Ку Цяо Манговый, 500 гр";"2.2.2";"Травяные напитки с ароматом";227,92;4,05;231,97;324,75
"2303/6-ПА500";"Ку Цяо Кокосовый (Гречишный с кокосом), 500 гр";"2.2.2";"Травяные напитки с ароматом";191,45;4,05;195,50;273,70
"2304-ПА500";"Сочный гранат, 500 гр";"2.3.2";"Фруктово-ягодные напитки с ароматами";187,19;0,00;187,19;262,06
"2305-ПА500";"Витаминный коктейль, 500 гр";"2.3.2";"Фруктово-ягодные напитки с ароматами";138,11;4,05;142,16;199,03
"2305/5-ПА500";"Ку Цяо Манговый (Гречишный с манго), 500 гр";"2.2.2";"Травяные напитки с ароматом";227,92;4,05;231,97;324,75
"2306-10Б";"ПЭТ ""Каркаде с темными ягодами""";"2.3.2";"Фруктово-ягодные напитки с ароматами";56,57;28,98;85,55;119,76
"2306-ПА500";"Каркаде с темными ягодами, 500 гр.";"2.3.2";"Фруктово-ягодные напитки с ароматами";195,05;4,05;199,10;278,74
"2307-ПА500";"Гавайский коктейль, 500 гр";"2.2.2";"Травяные напитки с ароматом";166,35;4,05;170,40;238,56
"2308-ПА500";"Русские традиции, 500 гр";"2.2.2";"Травяные напитки с ароматом";276,33;0,00;276,33;386,87
"2309-ПА500";"Огненная вишня, 500 гр.";"2.3.2";"Фруктово-ягодные напитки с ароматами";200,90;4,05;204,95;286,92
"2309/1-ПА500";"Вишневый сад, 500 гр";"2.3.2";"Фруктово-ягодные напитки с ароматами";153,62;4,05;157,67;220,74
"2311-ПА500";"Похудейка, 500 гр";"2.2.2";"Травяные напитки с ароматом";144,34;4,05;148,39;207,74
"2312-10Б";"ПЭТ Земляничный ройбуш";"2.2.2";"Травяные напитки с ароматом";65,32;27,40;92,72;129,81
"2312-ПА500";"Земляничный ройбуш, 500 гр";"2.2.2";"Травяные напитки с ароматом";217,73;4,05;221,78;310,49
"2313-ПА500";"Банный, 500 гр";"2.2.2";"Травяные напитки с ароматом";210,55;4,05;214,60;300,45
"2322-ПА500";"Ройбуш карамель, 500 гр";"2.2.2";"Травяные напитки с ароматом";221,78;0,00;221,78;310,49
"2323-ПА500";"В непогоду, 500 гр";"2.1";"Травяные моносорта";169,92;4,05;173,97;243,56
"2324-ПА500";"Успокаивающий, 500 гр";"2.2.2";"Травяные напитки с ароматом";147,80;4,05;151,85;212,58
"2325-ПА500";"Ройбуш йогурт с малиной, 500 гр";"2.2.2";"Травяные напитки с ароматом";253,26;0,00;253,26;354,56
"2326-ПА500";"Имбирный лимонник, 500 гр";"2.2.2";"Травяные напитки с ароматом";172,40;4,05;176,45;247,02
"2326/1-ПА500";"Пина Колада (Премиум), 500 гр";"2.3.2";"Фруктово-ягодные напитки с ароматами";184,56;0,00;184,56;258,39
"2327-ПА500";"Клубника со сливками (Чайный напиток), 500 гр";"2.3.2";"Фруктово-ягодные напитки с ароматами";163,90;0,00;163,90;229,46
"2328-ПА500";"Фрукт страсти, 500 гр";"2.3.2";"Фруктово-ягодные напитки с ароматами";173,14;0,00;173,14;242,40
"2328/2-ПА500";"Милый фрукт, 500 гр";"2.3.2";"Фруктово-ягодные напитки с ароматами";166,91;4,05;170,96;239,35
"2328/3-ПА500";"Веселый фрукт, 500 гр";"2.3.2";"Фруктово-ягодные напитки с ароматами";124,21;4,05;128,26;179,57
"2331-ПА500";"Вечерний, 500 гр";"2.1";"Травяные моносорта";240,47;4,05;244,52;342,33
"2332-10Б";"ПЭТ Глинтвейн";"2.3.2";"Фруктово-ягодные напитки с ароматами";55,93;27,40;83,33;116,66
"2332-ПА500";"Глинтвейн, 500 гр";"2.3.2";"Фруктово-ягодные напитки с ароматами";169,47;4,05;173,52;242,93
"2334/1-ПА500";"Матэ крупный, 500 гр";"2.1";"Травяные моносорта";234,59;0,00;234,59;328,42
"2338-ПА500";"Альпийский луг, 500 гр";"2.1";"Травяные моносорта";158,78;4,05;162,83;227,96
"2340-10";"ПЭТ Ройбуш апельсин";"2.2.2";"Травяные напитки с ароматом";61,93;27,40;89,33;125,06
"2340-ПА500";"Ройбуш апельсин, 500 гр";"2.2.2";"Травяные напитки с ароматом";206,43;4,05;210,48;294,67
"2341-ЗИП100";"Ройбуш, 100 гр";"2.1";"Травяные моносорта";37,71;14,00;51,71;72,39
"2343-ПА500";"Страстный поцелуй, 500 гр";"2.3.2";"Фруктово-ягодные напитки с ароматами";237,05;4,05;241,10;337,54
"2344-ПА500";"Сладкий поцелуй, 500 гр";"2.3.2";"Фруктово-ягодные напитки с ароматами";235,10;0,00;235,10;329,15
"2345-ПА500";"Ройбуш вишня, 500 гр.";"2.2.2";"Травяные напитки с ароматом";227,18;4,05;231,23;323,72
"2347-ПА500";"Палм Бич, 500 гр";"2.3.2";"Фруктово-ягодные напитки с ароматами";177,21;0,00;177,21;248,10
"2348-ПА500";"Травяной букет";"2.1";"Травяные моносорта";266,53;0,00;266,53;373,14
"2351-ПА500";"Липа с мятой, 500 гр";"2.2.2";"Травяные напитки с ароматом";574,39;0,00;574,39;804,14
"2401-ПА500";"Чабрец измельченный, 500 гр";"2.1";"Травяные моносорта";118,85;0,00;118,85;166,39
"2401/1-ПА500";"Чабрец Высшее качество, 500 гр";"2.1";"Травяные моносорта";502,05;0,00;502,05;702,87
"2422-ПР250";"Василёк, 250 гр";"2.1";"Травяные моносорта";1270,49;10,79;1281,28;1793,80
"2428-ПР500";"Липа листья, 500 гр";"2.1";"Травяные моносорта";960,00;0,00;960,00;1344,00
"2429-ПА500";"Ромашка цветок, 500 гр";"2.1";"Травяные моносорта";460,00;0,00;460,00;644,00
"2436/1-ПА500";"Бутоны цветов жасмина, 500 гр";"2.1";"Травяные моносорта";733,34;0,00;733,34;1026,67
"2454/1-ПА500";"Мелисса Премиум, 500 гр";"2.1";"Травяные моносорта";197,52;0,00;197,52;276,53
"2471-ПА500";"Иван-Чай, 500 гр";"2.1";"Травяные моносорта";500,00;0,00;500,00;700,00
"2472-ПР250";"Саган Дайля, 250 гр";"2.1";"Травяные моносорта";489,58;0,00;489,58;685,42
"2490-ПА500";"Душица трава резаная, 500 гр";"2.1";"Травяные моносорта";141,67;0,00;141,67;198,33
"2701-ПА500";"Сокровище Императора, 500 гр";"1.1.3";"Черный чай с ароматами";239,92;0,00;239,92;335,89
"2703-ПА500";"Снежная королева, 500 гр.";"1.1.3";"Черный чай с ароматами";284,14;4,05;288,19;403,47
"2704-ПА500";"Клубничный мохито, 500 гр.";"1.3.3";"Улуны с ароматами";233,18;4,05;237,23;332,12
"2705-ПА500";"Секрет Гейши, 500 гр.";"1.1.3";"Черный чай с ароматами";281,71;4,05;285,76;400,06
"2706-ПА500";"Соблазн, 500 гр.";"1.1.3";"Черный чай с ароматами";262,96;4,05;267,01;373,81
"2707-10";"ПЭТ ""Манговый улун""";"1.3.3";"Улуны с ароматами";69,69;27,40;97,09;135,92
"2707-ПА500";"Манговый улун, 500 гр.";"1.3.3";"Улуны с ароматами";199,10;4,05;203,15;284,41
"2708-ПА500";"Блюбери манго, 500 гр.";"1.1.3";"Черный чай с ароматами";307,61;4,05;311,66;436,32
"2709-ПА500";"Клубника в шампанском, 500 гр.";"1.1.3";"Черный чай с ароматами";267,58;4,05;271,63;380,29
"2711-ПА500";"Зеленый с грецким орехом";"1.2.3";"Зеленый чай с ароматами";235,43;0,00;235,43;329,60
"2719-ПА500";"Байкал, 500 гр";"1.1.2";"Черный чай с добавками";312,55;0,00;312,55;437,57
"2720-ПА500";"Айва с персиком (Премиум), 500 гр";"1.1.3";"Черный чай с ароматами";285,33;0,00;285,33;399,46
"2721-ПА500";"Свежесть лета, 500 гр.";"1.3.3";"Улуны с ароматами";255,92;4,05;259,97;363,95
"2723-ПА500";"Сладкая жизнь, 500 гр.";"1.3.3";"Улуны с ароматами";275,78;4,05;279,83;391,77
"2725-ПА500";"Ореховое безумие, 500 гр";"1.1.3";"Черный чай с ароматами";316,56;0,00;316,56;443,18
"2726-ПА500";"Амазонка, 500 гр.";"1.3.3";"Улуны с ароматами";234,62;4,05;238,67;334,14
"2727-10Б";"ПЭТ Лесная земляника";"1.1.3";"Черный чай с ароматами";65,52;27,43;92,95;130,13
"2727-ПА500";"Лесная земляника, 500 гр";"1.1.3";"Черный чай с ароматами";273,00;4,89;277,89;389,05
"2728-ПА500";"Малиновый соблазн, 500 гр.";"1.1.3";"Черный чай с ароматами";265,31;4,05;269,36;377,10
"2729-ПА500";"Малиновый десерт, 500 гр.";"1.3.3";"Улуны с ароматами";234,47;4,05;238,52;333,92
"2730-ПА500";"Шишкин лес, 500 гр.";"1.1.2";"Черный чай с добавками";322,14;4,05;326,19;456,67
"2731-ПА500";"Пикантная земляника, 500 гр";"1.1.3";"Черный чай с ароматами";339,65;0,00;339,65;475,51
"2732-ПА500";"Малиновый мохито, 500 гр.";"1.3.3";"Улуны с ароматами";235,69;4,05;239,74;335,64
"2733-ПА500";"Лесная земляника со сливками, 500 гр";"1.1.3";"Черный чай с ароматами";302,79;0,00;302,79;423,91
"2734-ПА500";"Клубника - Арбуз, 500 гр.";"1.1.3";"Черный чай с ароматами";311,58;4,05;315,63;441,88
"2904-ПА500";"Царский фаворит, 500 гр";"1.1.2";"Черный чай с добавками";150,26;0,00;150,26;210,36
"2907-ПА500";"Милость Падишах";"1.2";"Зеленые чаи";144,65;0,00;144,65;202,51
"2908-10Б";"ПЭТ Алтайский сбор";"1.1.3";"Черный чай с ароматами";35,27;28,43;63,70;89,19
"2908-ПА500";"Алтайский сбор, 500 гр";"1.1.3";"Черный чай с ароматами";160,34;4,05;164,39;230,14
"2910-ПА500";"Выбор Королей";"1.1.2";"Черный чай с добавками";150,21;0,00;150,21;210,29
"2914-ПА500";"Долина сказок";"1.2";"Зеленые чаи";166,03;0,00;166,03;232,44
"2916-ПА500";"Утренний поцелуй, 500 гр";"1.2.3";"Зеленый чай с ароматами";150,90;0,00;150,90;211,26
"2921-ПА500";"Фруктовый рай, 500 гр";"2.3.2";"Фруктово-ягодные напитки с ароматами";119,84;0,00;119,84;167,78
"4101/3-ПА500";"Кенийский черный чай FOP, 500 гр";"1.1";"Черные чаи";224,35;4,05;228,40;319,75
"4102-ПА500";"Цейлон OP, 500 гр.";"1.1";"Черные чаи";315,34;4,05;319,39;447,14
"4103-ПА500";"Цейлон OP1, 500 гр.";"1.1";"Черные чаи";277,09;4,05;281,14;393,59
"4106-ПА500";"Цейлон PEKOE, 500 гр";"1.1";"Черные чаи";274,59;4,05;278,64;390,09
"4111-ПА500";"Цейлон ""Ветиханда"" FBOP TIPPY, 500 гр";"1.1";"Черные чаи";744,17;4,05;748,22;1047,50
"4200-ПА500";"Ассам TGFВOP, 500 гр";"1.1";"Черные чаи";122,95;4,05;127,00;177,80
"4200/1-ПА500";"Ассам FВOP, 500 гр";"1.1";"Черные чаи";140,57;4,05;144,62;202,47
"4201-ЗИП100";"Ассам TGFOP, 100 гр";"1.1";"Черные чаи";52,76;14,00;66,76;93,47
"4201-ПА500";"Ассам TGFOP, 500 гр.";"1.1";"Черные чаи";263,81;4,05;267,86;375,00
"4202-ПА500";"Ассам Бехора TGFOP1, 500 гр";"1.1";"Черные чаи";622,54;4,05;626,59;877,23
"4203-ПА500";"Ассам Нилгири TGFOP";"1.1";"Черные чаи";245,47;0,00;245,47;343,65
"4206-ПА500";"Ассам Премиум STGFOP1, 500 гр";"1.1";"Черные чаи";303,69;4,05;307,74;430,84
"4208-ПА500";"Ассам GFOP, 500 гр.";"1.1";"Черные чаи";160,17;4,05;164,22;229,91
"4220-ПА500";"Дарджилинг Тиндария FTGOP1";"1.1";"Черные чаи";377,64;0,00;377,64;528,69
"4301-ПА500";"Кенийский чай FBOP, 500 гр";"1.1";"Черные чаи";289,67;4,05;293,72;411,20
"4301/1-ПА500";"Кенийский (типсовый), 500 гр";"1.1";"Черные чаи";308,20;4,05;312,25;437,14
"4304-ПА500";"Непал ОР";"1.1";"Черные чаи";317,00;0,00;317,00;443,80
"4305-ПА500";"Английский завтрак, 500 гр";"1.1";"Черные чаи";274,01;0,00;274,01;383,62
"7001-ПА500";"Бай Му Дань (Белый пион), 500 гр";"1.2.1";"Моносорта";585,84;4,05;589,89;825,84
"7006-ПА500";"Ганпаудер (Порох), 500 гр.";"1.2";"Зеленые чаи";96,31;4,05;100,36;140,50
"7007-ПА500";"Бай Мао Хоу, 500 гр";"1.2.1";"Моносорта";532,79;0,00;532,79;745,90
"7008-ПА500";"Би Ло Чунь / ""Изумрудные спирали"", 500 гр.";"1.2";"Зеленые чаи";477,71;4,05;481,76;674,46
"7017-ПА500";"Сун Чжень (Сосновые иглы), 500 гр";"1.2.1";"Моносорта";395,44;0,00;395,44;553,62
"7018-ПР250";"Лун Цзин, 250 гр";"1.2.1";"Моносорта";587,50;0,00;587,50;822,50
"7019-ПА500";"Молочный улун, 500 гр.";"1.3.3";"Улуны с ароматами";179,59;4,05;183,64;257,09
"7025-ПА500";"Дянь Хун, 500 гр";"1.5";"Красные чаи";229,59;4,05;233,64;327,09
"7031-ПА500";"Цзин Хао (Золотой пух)";"1.5";"Красные чаи";1345,84;0,00;1345,84;1884,17
"7034-ПА500";"Хуа Чжу Ча (Зеленый с жасмином) высшей категории, 500 гр";"1.2.1";"Моносорта";246,97;0,00;246,97;345,75
"7034/1-10";"ПЭТ Хуа Чжу Ча (Зеленый с жасмином)";"1.2.3";"Зеленый чай с ароматами";28,18;27,40;55,58;77,81
"7034/1-ПА500";"Хуа Чжу Ча (Зеленый с жасмином), 500 гр";"1.2.3";"Зеленый чай с ароматами";108,39;4,05;112,44;157,41
"7042-ЗИП100";"Гун Тин Пуэр (Императорский Пуэр), 100 гр";"1.4";"Пуэры";134,84;14,00;148,84;208,37
"7042-ПА500";"Гун Тин Пуэр (Императорский Пуэр), 500 гр";"1.4";"Пуэры";674,18;0,00;674,18;943,85
"7045-ПА500";"Вишневый пуэр";"1.4";"Пуэры";294,89;0,00;294,89;412,85
"7046-ПА500";"Пуэр, 500 гр";"1.4";"Пуэры";274,43;0,00;274,43;384,20
"7049И";"Шу Пуэр Туоча Феникс 100 г 2015 г.";"1.4";"Пуэры";22,68;0,00;22,68;31,75
"7052-ЗИП100";"Те Гуань Инь, 100 гр";"1.3.1";"Улуны моносорта";26,64;14,00;40,64;56,89
"7052-ПА500";"Те Гуань Инь, 500 гр";"1.3.1";"Улуны моносорта";133,20;4,89;138,09;193,32
"7053-ПА500";"Те Гуань Инь Ван, 500 гр";"1.3.1";"Улуны моносорта";628,34;0,00;628,34;879,67
"7054/3-ПА500";"Женьшеневый улун, 500 гр.";"1.3.1";"Улуны моносорта";346,34;4,05;350,39;490,54
"7057/1-ПА500";"Да Хун Пао (Большой красный халат) 1 категории, 500 гр";"1.3.1";"Улуны моносорта";473,03;4,05;477,08;667,91
"7060-ПА500";"Земляничный улун, 500 гр.";"1.3.3";"Улуны с ароматами";180,38;0,00;180,38;252,54
"7068-СМ-500";"Многолетний пуэр в камнях Эко (16 лет), 500 гр.";"1.4";"Пуэры";880,00;4,05;884,05;1237,67
"7071-ПА500";"Роза бутоны, 500 гр";"2.1";"Травяные моносорта";672,52;0,00;672,52;941,53
"7072/1-ПА500";"Каркадэ лепестки (крупные)";"2.1";"Травяные моносорта";147,54;0,00;147,54;206,56
"7073-ПА500";"Цзюй Хуа (Хризантема), 500 гр";"2.1";"Травяные моносорта";732,38;0,00;732,38;1025,33
"7082-10Б";"ПЭТ ""Клубнично-банановый смузи""";"1.3.3";"Улуны с ароматами";55,91;27,40;83,31;116,63
"7082-ПА500";"Клубнично-банановый смузи, 500 гр.";"1.3.3";"Улуны с ароматами";186,35;4,05;190,40;266,57
"7083-ПА500";"Жасминовый улун, 500 гр";"1.3.3";"Улуны с ароматами";159,26;4,05;163,31;228,64
"7084-ПА500";"Улун ""Ягодный пунш"", 500 гр.";"1.3.3";"Улуны с ароматами";211,14;4,05;215,19;301,27
"7087-ПА500";"Мао Фэн, 500 гр.";"1.2.1";"Моносорта";490,95;4,05;495,00;692,99
"7088-ПА500";"Лапсанг Сушонг, 500 гр.";"1.5";"Красные чаи";238,19;4,05;242,24;339,14
"7089-ПА500";"Ежедневный, 500 гр.";"1.2";"Зеленые чаи";165,90;4,05;169,95;237,93
"7132-ПА500";"Клубничный улун, 500 гр";"1.3.3";"Улуны с ароматами";173,77;0,00;173,77;243,27
"7133-ПА500";"Вишневый улун, 500 гр.";"1.3.3";"Улуны с ароматами";169,99;4,05;174,04;243,65
"7142-ПР250";"Шу Пуэр ""Квадратик""";"1.4";"Пуэры";229,58;13,03;242,61;339,66
"7151-ПА500";"Шу Пуэр Золотая медалька, 500 гр";"1.4";"Пуэры";506,67;0,00;506,67;709,33
"7173-ПА500";"Ан Чан цветки (синий чай), 500 гр";"2.1";"Травяные моносорта";791,67;4,05;795,72;1114,00
"7173-ПР250";"Ан Чан цветки (синий чай), 250 гр";"2.1";"Травяные моносорта";395,83;0,00;395,83;554,17
"7178-ПА500";"Виноградный улун";"1.3.3";"Улуны с ароматами";158,27;0,00;158,27;221,58
"7179-ПА500";"Миндальный с персиком улун, 500 гр.";"1.3.3";"Улуны с ароматами";188,83;4,05;192,88;270,03
"7188-10";"ПЭТ Персиковый улун";"1.3.3";"Улуны с ароматами";55,32;28,05;83,37;116,72
"7188-ПА500";"Персиковый улун, 500 гр";"1.3.3";"Улуны с ароматами";172,87;4,05;176,92;247,69
"7210-ПА500";"Габа земляничная";"1.3.3";"Улуны с ароматами";842,78;0,00;842,78;1179,89
"7211-ПА500";"Габа Ягода-малина";"1.3.3";"Улуны с ароматами";860,88;0,00;860,88;1205,23
"7221";"Шу Пуэр, блин 357 г";"1.4";"Пуэры";111,56;0,00;111,56;156,19
"7236";"Шу Пуэр Желтый дракон, 357 г";"1.4";"Пуэры";326,01;0,00;326,01;456,42
"7273-ПА500";"Каркаде рубленный мелкий, 500 гр";"2.1";"Травяные моносорта";88,12;4,05;92,17;129,03
"7330-ЗИП100";"Сенча, 100 гр";"1.2.1";"Моносорта";40,98;14,00;54,98;76,98
"7330-ПА500";"Сенча, 500 гр";"1.2.1";"Моносорта";204,92;4,05;208,97;292,56
"7331-ПА500";"Матча, 500 гр";"1.2.1";"Моносорта";329,17;4,05;333,22;466,50
"7331-ПР100";"Матча, 100 гр";"1.2.1";"Моносорта";65,83;7,23;73,06;102,29
"7332-ПР100";"Японская матча, 100 гр";"1.2.1";"Моносорта";188,00;7,23;195,23;273,32
"7334-ПР100";"Голубая матча, 100 гр";"2.1";"Травяные моносорта";200,00;7,23;207,23;290,12
"7334-ПР500";"Голубая матча, 500 гр";"2.1";"Травяные моносорта";1000,00;0,00;1000,00;1400,00
"7338-ПР100";"Красная матча, 100 гр";"2.1";"Травяные моносорта";65,17;7,23;72,40;101,36
"7338-ПР500";"Красная матча, 500 гр";"2.1";"Травяные моносорта";325,85;0,00;325,85;456,19
"7345-ПА250";"Связанный чай ""Букет лилии"", 250 гр";"1.2";"Зеленые чаи";1323,81;0,00;1323,81;1853,33
"7345-ПР250";"Связанный чай ""Букет лилии""";"1.2";"Зеленые чаи";1323,81;11,21;1335,02;1869,03
"7349-ПР100";"Розовая матча (Питахайя), 100 гр";"2.1";"Травяные моносорта";191,67;7,23;198,90;278,46
"9903-ПА500";"Весенняя бабочка, 500 гр";"1.3.3";"Улуны с ароматами";382,07;0,00;382,07;534,89
"9904-ПА500";"Цветущий сад, 500 гр";"1.3.3";"Улуны с ароматами";279,32;0,00;279,32;391,05
"9906-ПА500";"Гранатовый браслет, 500 гр";"2.3.2";"Фруктово-ягодные напитки с ароматами";518,05;0,00;518,05;725,28
"9910-ПА500";"Эйфория, 500 гр";"2.3.2";"Фруктово-ягодные напитки с ароматами";906,30;0,00;906,30;1268,83
"9912-10";"ПЭТ Сосновый лес";"1.1.2";"Черный чай с добавками";70,03;27,40;97,43;136,41
"9912-ПА500";"Сосновый лес, 500 гр";"1.1.2";"Черный чай с добавками";389,07;4,05;393,12;550,37
"9912/1-ПА500";"Сосновый лес Премиум, 500 гр";"1.1.2";"Черный чай с добавками";570,94;0,00;570,94;799,32
"9913-ПА500";"Манговый сорбет, 500 гр";"1.3.3";"Улуны с ароматами";438,68;0,00;438,68;614,15
"9914-ПА500";"Апельсиновый джелато, 500 гр";"1.3.3";"Улуны с ароматами";375,27;0,00;375,27;525,38
"9917-ПА500";"Тропикал пати, 500 гр.";"1.1.3";"Черный чай с ароматами";255,17;4,05;259,22;362,90
